	Kingdom	Phylum	Class	Order	Family	Genus
ASV_1	Bacteria	Fusobacteriota	Fusobacteriia	Fusobacteriales	Fusobacteriaceae	Cetobacterium
ASV_2	Bacteria	Fusobacteriota	Fusobacteriia	Fusobacteriales	Fusobacteriaceae	Cetobacterium
ASV_3	Bacteria	Proteobacteria	Gammaproteobacteria	Enterobacterales	Aeromonadaceae	Aeromonas
ASV_4	Bacteria	Fusobacteriota	Fusobacteriia	Fusobacteriales	Fusobacteriaceae	Cetobacterium
ASV_5	Bacteria	Proteobacteria	Gammaproteobacteria	Enterobacterales	Aeromonadaceae	Aeromonas
ASV_6	Bacteria	Bacteroidota	Bacteroidia	Bacteroidales	Barnesiellaceae	NA
ASV_7	Bacteria	Proteobacteria	Gammaproteobacteria	Burkholderiales	Comamonadaceae	Ideonella
ASV_8	Bacteria	Bacteroidota	Bacteroidia	Bacteroidales	Barnesiellaceae	NA
ASV_9	Bacteria	Firmicutes	Bacilli	Erysipelotrichales	Erysipelotrichaceae	ZOR0006
ASV_10	Bacteria	Bacteroidota	Bacteroidia	Bacteroidales	Barnesiellaceae	NA
ASV_11	Bacteria	Bacteroidota	Bacteroidia	Bacteroidales	Barnesiellaceae	NA
ASV_12	Bacteria	Fusobacteriota	Fusobacteriia	Fusobacteriales	Fusobacteriaceae	Cetobacterium
ASV_13	Bacteria	Proteobacteria	Gammaproteobacteria	Burkholderiales	Comamonadaceae	Delftia
ASV_14	Bacteria	Bacteroidota	Bacteroidia	Chitinophagales	Saprospiraceae	NA
ASV_15	Bacteria	Fusobacteriota	Fusobacteriia	Fusobacteriales	Fusobacteriaceae	Cetobacterium
ASV_16	Bacteria	Proteobacteria	Gammaproteobacteria	Enterobacterales	Enterobacteriaceae	Plesiomonas
ASV_17	Bacteria	Bacteroidota	Bacteroidia	Bacteroidales	Tannerellaceae	Macellibacteroides
ASV_18	Bacteria	Fusobacteriota	Fusobacteriia	Fusobacteriales	Fusobacteriaceae	Cetobacterium
ASV_19	Bacteria	Proteobacteria	Gammaproteobacteria	Enterobacterales	Vibrionaceae	Vibrio
ASV_20	Bacteria	Fusobacteriota	Fusobacteriia	Fusobacteriales	Fusobacteriaceae	Cetobacterium
ASV_21	Bacteria	Fusobacteriota	Fusobacteriia	Fusobacteriales	Fusobacteriaceae	Cetobacterium
ASV_22	Bacteria	Fusobacteriota	Fusobacteriia	Fusobacteriales	Fusobacteriaceae	Cetobacterium
ASV_23	Bacteria	Proteobacteria	Gammaproteobacteria	Enterobacterales	Enterobacteriaceae	Plesiomonas
ASV_24	Bacteria	Fusobacteriota	Fusobacteriia	Fusobacteriales	Fusobacteriaceae	Cetobacterium
ASV_25	Bacteria	Proteobacteria	Gammaproteobacteria	Enterobacterales	Shewanellaceae	Shewanella
ASV_26	Bacteria	Bacteroidota	Bacteroidia	Bacteroidales	Barnesiellaceae	NA
ASV_27	Bacteria	Fusobacteriota	Fusobacteriia	Fusobacteriales	Fusobacteriaceae	Cetobacterium
ASV_28	Bacteria	Bacteroidota	Bacteroidia	Bacteroidales	Tannerellaceae	Macellibacteroides
ASV_29	Bacteria	Fusobacteriota	Fusobacteriia	Fusobacteriales	Fusobacteriaceae	Cetobacterium
ASV_30	Bacteria	Bacteroidota	Bacteroidia	Bacteroidales	Barnesiellaceae	NA
ASV_31	Bacteria	Fusobacteriota	Fusobacteriia	Fusobacteriales	Fusobacteriaceae	Cetobacterium
ASV_32	Bacteria	Proteobacteria	Gammaproteobacteria	Pseudomonadales	Pseudomonadaceae	Pseudomonas
ASV_33	Bacteria	Proteobacteria	Gammaproteobacteria	Enterobacterales	Aeromonadaceae	Aeromonas
ASV_34	Bacteria	Proteobacteria	Gammaproteobacteria	Enterobacterales	Shewanellaceae	Shewanella
ASV_35	Bacteria	Fusobacteriota	Fusobacteriia	Fusobacteriales	Fusobacteriaceae	Cetobacterium
ASV_36	Bacteria	Fusobacteriota	Fusobacteriia	Fusobacteriales	Fusobacteriaceae	Cetobacterium
ASV_37	Bacteria	Proteobacteria	Gammaproteobacteria	Enterobacterales	Enterobacteriaceae	Plesiomonas
ASV_38	Bacteria	Proteobacteria	Gammaproteobacteria	Burkholderiales	Comamonadaceae	Ideonella
ASV_39	Bacteria	Proteobacteria	Gammaproteobacteria	Pseudomonadales	Moraxellaceae	Enhydrobacter
ASV_40	Bacteria	Proteobacteria	Gammaproteobacteria	Enterobacterales	Vibrionaceae	Vibrio
ASV_41	Bacteria	Proteobacteria	Alphaproteobacteria	Rhizobiales	Rhizobiaceae	Phyllobacterium
ASV_42	Bacteria	Fusobacteriota	Fusobacteriia	Fusobacteriales	Fusobacteriaceae	Cetobacterium
ASV_43	Bacteria	Firmicutes	Bacilli	Erysipelotrichales	Erysipelotrichaceae	ZOR0006
ASV_44	Bacteria	Proteobacteria	Gammaproteobacteria	Enterobacterales	Aeromonadaceae	Aeromonas
ASV_45	Bacteria	Proteobacteria	Gammaproteobacteria	Enterobacterales	Aeromonadaceae	Aeromonas
ASV_46	Bacteria	Nitrospirota	Nitrospiria	Nitrospirales	Nitrospiraceae	Nitrospira
ASV_47	Bacteria	Proteobacteria	Gammaproteobacteria	Burkholderiales	Chromobacteriaceae	Crenobacter
ASV_48	Bacteria	Proteobacteria	Gammaproteobacteria	Enterobacterales	Aeromonadaceae	Aeromonas
ASV_49	Bacteria	Bacteroidota	Bacteroidia	Bacteroidales	NA	NA
ASV_50	Bacteria	Proteobacteria	Gammaproteobacteria	Enterobacterales	Aeromonadaceae	Aeromonas
ASV_51	Bacteria	Bacteroidota	Bacteroidia	Bacteroidales	Tannerellaceae	Macellibacteroides
ASV_52	Bacteria	Proteobacteria	Gammaproteobacteria	Burkholderiales	Comamonadaceae	NA
ASV_53	Bacteria	Cyanobacteria	Vampirivibrionia	Obscuribacterales	Obscuribacteraceae	Candidatus Obscuribacter
ASV_54	Bacteria	Fusobacteriota	Fusobacteriia	Fusobacteriales	Fusobacteriaceae	Cetobacterium
ASV_55	Bacteria	Proteobacteria	Alphaproteobacteria	Rickettsiales	Mitochondria	NA
ASV_56	Bacteria	Proteobacteria	Gammaproteobacteria	Burkholderiales	Chitinibacteraceae	Chitinilyticum
ASV_57	Bacteria	Proteobacteria	Gammaproteobacteria	Enterobacterales	Shewanellaceae	Shewanella
ASV_58	Bacteria	Proteobacteria	Gammaproteobacteria	Burkholderiales	Comamonadaceae	Ideonella
ASV_59	Bacteria	Proteobacteria	Gammaproteobacteria	Enterobacterales	Enterobacteriaceae	Plesiomonas
ASV_60	Bacteria	Firmicutes	Bacilli	Bacillales	Planococcaceae	Chryseomicrobium
ASV_61	Bacteria	Fusobacteriota	Fusobacteriia	Fusobacteriales	Fusobacteriaceae	Cetobacterium
ASV_62	Bacteria	Proteobacteria	Gammaproteobacteria	Burkholderiales	Chromobacteriaceae	Crenobacter
ASV_63	Bacteria	Proteobacteria	Gammaproteobacteria	Enterobacterales	Aeromonadaceae	Aeromonas
ASV_64	Bacteria	Proteobacteria	Gammaproteobacteria	Burkholderiales	Comamonadaceae	Ideonella
ASV_65	Bacteria	Proteobacteria	Alphaproteobacteria	Rickettsiales	Mitochondria	NA
ASV_66	Bacteria	Proteobacteria	Alphaproteobacteria	Rhodobacterales	Rhodobacteraceae	Tabrizicola
ASV_67	Bacteria	Bacteroidota	Bacteroidia	Flavobacteriales	Flavobacteriaceae	Flavobacterium
ASV_68	Bacteria	Desulfobacterota	Desulfuromonadia	Bradymonadales	NA	NA
ASV_69	Bacteria	NA	NA	NA	NA	NA
ASV_70	Bacteria	Bacteroidota	Bacteroidia	Bacteroidales	Barnesiellaceae	NA
ASV_71	Bacteria	Proteobacteria	Alphaproteobacteria	Rhodobacterales	Rhodobacteraceae	Rhodobacter
ASV_72	Bacteria	Verrucomicrobiota	Verrucomicrobiae	NA	NA	NA
ASV_73	Bacteria	Proteobacteria	Gammaproteobacteria	Enterobacterales	Shewanellaceae	Shewanella
ASV_74	Bacteria	Bacteroidota	Bacteroidia	Bacteroidales	Barnesiellaceae	NA
ASV_75	Bacteria	Bacteroidota	Bacteroidia	Cytophagales	Microscillaceae	NA
ASV_76	Bacteria	Proteobacteria	Gammaproteobacteria	Burkholderiales	Comamonadaceae	Pelomonas
ASV_77	Bacteria	Acidobacteriota	Blastocatellia	Blastocatellales	Blastocatellaceae	NA
ASV_78	Bacteria	Proteobacteria	Alphaproteobacteria	Sphingomonadales	Sphingomonadaceae	Rhizorhapis
ASV_79	Bacteria	Proteobacteria	Alphaproteobacteria	Rhodobacterales	Rhodobacteraceae	Paracoccus
ASV_80	Bacteria	Proteobacteria	Gammaproteobacteria	Enterobacterales	Aeromonadaceae	Aeromonas
ASV_81	Bacteria	Proteobacteria	Gammaproteobacteria	Enterobacterales	Shewanellaceae	Shewanella
ASV_82	Bacteria	Bacteroidota	Bacteroidia	Cytophagales	Microscillaceae	OLB12
ASV_83	Bacteria	Proteobacteria	Gammaproteobacteria	Burkholderiales	NA	NA
ASV_84	Bacteria	Proteobacteria	Gammaproteobacteria	Pseudomonadales	Moraxellaceae	Alkanindiges
ASV_85	Bacteria	Fusobacteriota	Fusobacteriia	Fusobacteriales	Fusobacteriaceae	Cetobacterium
ASV_86	Bacteria	Proteobacteria	Alphaproteobacteria	Rhodobacterales	Rhodobacteraceae	Gemmobacter
ASV_87	Bacteria	Proteobacteria	Alphaproteobacteria	Rhodobacterales	Rhodobacteraceae	Defluviimonas
ASV_88	Bacteria	Proteobacteria	Gammaproteobacteria	Enterobacterales	Aeromonadaceae	Aeromonas
ASV_89	Bacteria	NA	NA	NA	NA	NA
ASV_90	Bacteria	Proteobacteria	Gammaproteobacteria	Enterobacterales	NA	NA
ASV_91	Bacteria	Proteobacteria	Gammaproteobacteria	Burkholderiales	Comamonadaceae	Ideonella
ASV_92	Bacteria	Proteobacteria	Alphaproteobacteria	Rhizobiales	Beijerinckiaceae	Bosea
ASV_93	Bacteria	Planctomycetota	Planctomycetes	Pirellulales	Pirellulaceae	Pirellula
ASV_94	Bacteria	Proteobacteria	Gammaproteobacteria	Burkholderiales	Comamonadaceae	Ideonella
ASV_95	Bacteria	Proteobacteria	Gammaproteobacteria	Burkholderiales	Comamonadaceae	NA
ASV_96	Bacteria	Bacteroidota	Bacteroidia	Chitinophagales	Saprospiraceae	NA
ASV_97	Bacteria	Proteobacteria	Gammaproteobacteria	Enterobacterales	Shewanellaceae	Shewanella
ASV_98	Bacteria	Proteobacteria	Gammaproteobacteria	Pseudomonadales	Moraxellaceae	Acinetobacter
ASV_99	Bacteria	Verrucomicrobiota	Verrucomicrobiae	Pedosphaerales	Pedosphaeraceae	NA
ASV_100	Bacteria	Proteobacteria	Alphaproteobacteria	Caulobacterales	Caulobacteraceae	Brevundimonas
ASV_101	Bacteria	Proteobacteria	Gammaproteobacteria	NA	NA	NA
ASV_102	Bacteria	Proteobacteria	Gammaproteobacteria	Enterobacterales	Aeromonadaceae	Aeromonas
ASV_103	Bacteria	Proteobacteria	Alphaproteobacteria	Rhodobacterales	Rhodobacteraceae	Donghicola
ASV_104	Bacteria	Proteobacteria	Gammaproteobacteria	Coxiellales	Coxiellaceae	Coxiella
ASV_105	Bacteria	Proteobacteria	Gammaproteobacteria	Enterobacterales	Shewanellaceae	Shewanella
ASV_106	Bacteria	Myxococcota	Polyangia	Nannocystales	Nannocystaceae	Nannocystis
ASV_107	Bacteria	Proteobacteria	Gammaproteobacteria	Burkholderiales	Comamonadaceae	Delftia
ASV_108	Bacteria	Proteobacteria	Gammaproteobacteria	Enterobacterales	Aeromonadaceae	Aeromonas
ASV_109	Bacteria	Proteobacteria	Gammaproteobacteria	Enterobacterales	Enterobacteriaceae	Plesiomonas
ASV_110	Bacteria	Proteobacteria	Gammaproteobacteria	Enterobacterales	Aeromonadaceae	Aeromonas
ASV_111	Bacteria	Firmicutes	Clostridia	Peptostreptococcales-Tissierellales	Peptostreptococcaceae	Paraclostridium
ASV_112	Bacteria	Proteobacteria	Gammaproteobacteria	Enterobacterales	Aeromonadaceae	Aeromonas
ASV_113	Bacteria	Proteobacteria	Gammaproteobacteria	Enterobacterales	Shewanellaceae	Shewanella
ASV_114	Bacteria	Bacteroidota	Bacteroidia	Cytophagales	Cytophagaceae	Cytophaga
ASV_115	Bacteria	Proteobacteria	Gammaproteobacteria	Burkholderiales	Comamonadaceae	Ideonella
ASV_116	Bacteria	Proteobacteria	Gammaproteobacteria	Enterobacterales	Enterobacteriaceae	Plesiomonas
ASV_117	Bacteria	Planctomycetota	OM190	NA	NA	NA
ASV_118	Bacteria	Bacteroidota	Bacteroidia	Flavobacteriales	Flavobacteriaceae	Flavobacterium
ASV_119	Bacteria	Proteobacteria	Gammaproteobacteria	Pseudomonadales	Moraxellaceae	Acinetobacter
ASV_120	Bacteria	Bacteroidota	Bacteroidia	Bacteroidales	Barnesiellaceae	NA
ASV_121	Bacteria	Acidobacteriota	Blastocatellia	Pyrinomonadales	Pyrinomonadaceae	RB41
ASV_122	Bacteria	Proteobacteria	Gammaproteobacteria	Enterobacterales	Shewanellaceae	Shewanella
ASV_123	Bacteria	Proteobacteria	Alphaproteobacteria	Caedibacterales	Caedibacteraceae	Caedibacter
ASV_124	Bacteria	Bdellovibrionota	Bdellovibrionia	Bdellovibrionales	Bdellovibrionaceae	Bdellovibrio
ASV_125	Bacteria	Bacteroidota	Bacteroidia	Bacteroidales	Barnesiellaceae	NA
ASV_126	Bacteria	NA	NA	NA	NA	NA
ASV_127	Bacteria	Proteobacteria	Gammaproteobacteria	Pseudomonadales	Moraxellaceae	Acinetobacter
ASV_128	Bacteria	Firmicutes	Clostridia	Lachnospirales	Lachnospiraceae	Epulopiscium
ASV_129	Bacteria	Bacteroidota	Bacteroidia	Bacteroidales	Barnesiellaceae	NA
ASV_130	Bacteria	Firmicutes	Clostridia	Peptostreptococcales-Tissierellales	Family XI	Peptoniphilus
ASV_131	Bacteria	Bacteroidota	Bacteroidia	Chitinophagales	Saprospiraceae	NA
ASV_132	Bacteria	Proteobacteria	Gammaproteobacteria	Enterobacterales	Aeromonadaceae	Aeromonas
ASV_133	Bacteria	Bacteroidota	Bacteroidia	Flavobacteriales	Flavobacteriaceae	Mesoflavibacter
ASV_134	Bacteria	Patescibacteria	Saccharimonadia	Saccharimonadales	NA	NA
ASV_135	Bacteria	Acidobacteriota	Blastocatellia	11-24	NA	NA
ASV_136	Bacteria	Proteobacteria	Gammaproteobacteria	Burkholderiales	Comamonadaceae	Tepidimonas
ASV_137	Bacteria	Firmicutes	Bacilli	Lactobacillales	Carnobacteriaceae	Desemzia
ASV_138	Bacteria	Bdellovibrionota	Oligoflexia	0319-6G20	NA	NA
ASV_139	Bacteria	Proteobacteria	Gammaproteobacteria	Burkholderiales	Comamonadaceae	Aquabacterium
ASV_140	Bacteria	Proteobacteria	Gammaproteobacteria	Pseudomonadales	Moraxellaceae	Acinetobacter
ASV_141	Bacteria	Bacteroidota	Bacteroidia	Flavobacteriales	Weeksellaceae	Chryseobacterium
ASV_142	Bacteria	Firmicutes	Bacilli	Thermoactinomycetales	Thermoactinomycetaceae	Risungbinella
ASV_143	Bacteria	Proteobacteria	Alphaproteobacteria	Rhodobacterales	Rhodobacteraceae	Defluviimonas
ASV_144	Bacteria	Proteobacteria	Gammaproteobacteria	Burkholderiales	Sutterellaceae	NA
ASV_145	Bacteria	Firmicutes	Bacilli	Bacillales	Planococcaceae	Domibacillus
ASV_146	Bacteria	Firmicutes	Bacilli	Bacillales	Planococcaceae	Chryseomicrobium
ASV_147	Bacteria	Firmicutes	Bacilli	Bacillales	Bacillaceae	Bacillus
ASV_148	Bacteria	Firmicutes	Bacilli	Bacillales	Bacillaceae	Bacillus
ASV_149	Bacteria	Proteobacteria	Alphaproteobacteria	Rhizobiales	Rhizobiaceae	NA
ASV_150	Bacteria	Bdellovibrionota	Bdellovibrionia	Bdellovibrionales	Bdellovibrionaceae	Bdellovibrio
ASV_151	Bacteria	Proteobacteria	Alphaproteobacteria	Sphingomonadales	Sphingomonadaceae	Sphingomonas
ASV_152	Bacteria	Proteobacteria	Gammaproteobacteria	Pseudomonadales	Pseudomonadaceae	Pseudomonas
ASV_153	Bacteria	Proteobacteria	Gammaproteobacteria	Burkholderiales	Burkholderiaceae	Ralstonia
ASV_154	Bacteria	Proteobacteria	Gammaproteobacteria	Enterobacterales	Shewanellaceae	Shewanella
ASV_155	Bacteria	Bacteroidota	Bacteroidia	Flavobacteriales	Crocinitomicaceae	Fluviicola
ASV_156	Bacteria	Proteobacteria	Alphaproteobacteria	Caulobacterales	Caulobacteraceae	Brevundimonas
ASV_157	Bacteria	Bacteroidota	Bacteroidia	Bacteroidales	Barnesiellaceae	NA
ASV_158	Bacteria	Proteobacteria	Alphaproteobacteria	Rickettsiales	Mitochondria	NA
ASV_159	Bacteria	Proteobacteria	Alphaproteobacteria	Sphingomonadales	Sphingomonadaceae	Sandaracinobacter
ASV_160	Bacteria	Proteobacteria	Gammaproteobacteria	Burkholderiales	Comamonadaceae	NA
ASV_161	Bacteria	Cyanobacteria	Cyanobacteriia	Chloroplast	NA	NA
ASV_162	Bacteria	Firmicutes	Bacilli	Thermicanales	Thermicanaceae	Thermicanus
ASV_163	Bacteria	Firmicutes	Bacilli	Bacillales	Planococcaceae	Lysinibacillus
ASV_164	Bacteria	Proteobacteria	Gammaproteobacteria	Pseudomonadales	Pseudomonadaceae	Pseudomonas
ASV_165	Bacteria	Bdellovibrionota	Bdellovibrionia	Bdellovibrionales	Bdellovibrionaceae	Bdellovibrio
ASV_166	Bacteria	Proteobacteria	Gammaproteobacteria	Pseudomonadales	Pseudomonadaceae	Pseudomonas
ASV_167	Bacteria	Proteobacteria	Gammaproteobacteria	Burkholderiales	Oxalobacteraceae	Herbaspirillum
ASV_168	Bacteria	NA	NA	NA	NA	NA
ASV_169	Bacteria	Bacteroidota	Bacteroidia	Bacteroidales	Barnesiellaceae	NA
ASV_170	Bacteria	Proteobacteria	Alphaproteobacteria	Caulobacterales	Hyphomonadaceae	SWB02
ASV_171	Bacteria	Bacteroidota	Bacteroidia	Bacteroidales	Barnesiellaceae	NA
ASV_172	Bacteria	Proteobacteria	Alphaproteobacteria	Caulobacterales	Hyphomonadaceae	NA
ASV_173	Bacteria	Dependentiae	Babeliae	Babeliales	NA	NA
ASV_174	Bacteria	Firmicutes	Bacilli	Exiguobacterales	Exiguobacteraceae	Exiguobacterium
ASV_175	Bacteria	Firmicutes	Bacilli	Bacillales	Planococcaceae	Planococcus
ASV_176	Bacteria	Proteobacteria	Alphaproteobacteria	Sphingomonadales	Sphingomonadaceae	Sphingomonas
ASV_177	Bacteria	Bdellovibrionota	Bdellovibrionia	Bdellovibrionales	Bdellovibrionaceae	Bdellovibrio
ASV_178	Bacteria	Proteobacteria	Alphaproteobacteria	Sphingomonadales	Sphingomonadaceae	Blastomonas
ASV_179	Bacteria	Verrucomicrobiota	Verrucomicrobiae	Verrucomicrobiales	Rubritaleaceae	Luteolibacter
ASV_180	Bacteria	Cyanobacteria	Cyanobacteriia	Chloroplast	NA	NA
ASV_181	Bacteria	Firmicutes	Bacilli	Bacillales	Bacillaceae	NA
ASV_182	Bacteria	Proteobacteria	Gammaproteobacteria	Enterobacterales	Vibrionaceae	Catenococcus
ASV_183	Bacteria	Bdellovibrionota	Bdellovibrionia	Bdellovibrionales	Bdellovibrionaceae	Bdellovibrio
ASV_184	Bacteria	Proteobacteria	Alphaproteobacteria	Rickettsiales	Mitochondria	NA
ASV_185	Bacteria	NA	NA	NA	NA	NA
ASV_186	Bacteria	Proteobacteria	Gammaproteobacteria	Xanthomonadales	Xanthomonadaceae	Pseudoxanthomonas
ASV_187	Bacteria	Proteobacteria	Gammaproteobacteria	Enterobacterales	Alteromonadaceae	Rheinheimera
ASV_188	Bacteria	Firmicutes	Bacilli	Paenibacillales	Paenibacillaceae	Fontibacillus
ASV_189	Bacteria	Proteobacteria	Gammaproteobacteria	Pseudomonadales	Pseudomonadaceae	Pseudomonas
ASV_190	Bacteria	Proteobacteria	Gammaproteobacteria	Xanthomonadales	Xanthomonadaceae	Lysobacter
ASV_191	Bacteria	Firmicutes	Bacilli	Staphylococcales	Staphylococcaceae	Macrococcus
ASV_192	Bacteria	Bacteroidota	Bacteroidia	Cytophagales	Microscillaceae	NA
ASV_193	Bacteria	Proteobacteria	Gammaproteobacteria	Enterobacterales	Vibrionaceae	Vibrio
ASV_194	Bacteria	Verrucomicrobiota	Verrucomicrobiae	Pedosphaerales	Pedosphaeraceae	NA
ASV_195	Bacteria	Proteobacteria	Alphaproteobacteria	Reyranellales	Reyranellaceae	Reyranella
ASV_196	Bacteria	Proteobacteria	Gammaproteobacteria	Enterobacterales	Aeromonadaceae	Aeromonas
ASV_197	Bacteria	Proteobacteria	Alphaproteobacteria	Sphingomonadales	Sphingomonadaceae	Erythrobacter
ASV_198	Bacteria	Cyanobacteria	Vampirivibrionia	Obscuribacterales	Obscuribacteraceae	NA
ASV_199	Bacteria	Proteobacteria	Gammaproteobacteria	Enterobacterales	Aeromonadaceae	Aeromonas
ASV_200	Bacteria	Proteobacteria	Gammaproteobacteria	Pseudomonadales	Moraxellaceae	Acinetobacter
ASV_201	Bacteria	Proteobacteria	Alphaproteobacteria	Sphingomonadales	Sphingomonadaceae	Sphingomonas
ASV_202	Bacteria	Firmicutes	Bacilli	Bacillales	Bacillaceae	Bacillus
ASV_203	Bacteria	NA	NA	NA	NA	NA
ASV_204	Bacteria	Proteobacteria	Gammaproteobacteria	Burkholderiales	Comamonadaceae	Rubrivivax
ASV_205	Bacteria	Proteobacteria	Gammaproteobacteria	Pseudomonadales	Marinomonadaceae	Marinomonas
ASV_206	Bacteria	Proteobacteria	Gammaproteobacteria	Burkholderiales	Comamonadaceae	Pelomonas
ASV_207	Bacteria	Actinobacteriota	Actinobacteria	Micrococcales	Micrococcaceae	Micrococcus
ASV_208	Bacteria	Proteobacteria	Gammaproteobacteria	Enterobacterales	Alteromonadaceae	Rheinheimera
ASV_209	Bacteria	Actinobacteriota	Actinobacteria	Corynebacteriales	Corynebacteriaceae	Corynebacterium
ASV_210	Bacteria	MBNT15	NA	NA	NA	NA
ASV_211	Bacteria	Proteobacteria	Gammaproteobacteria	Enterobacterales	Alteromonadaceae	Rheinheimera
ASV_212	Bacteria	NA	NA	NA	NA	NA
ASV_213	Bacteria	Bacteroidota	Rhodothermia	Rhodothermales	Rhodothermaceae	Rubricoccus
ASV_214	Bacteria	Bacteroidota	Bacteroidia	Flavobacteriales	Flavobacteriaceae	Vitellibacter
ASV_215	Bacteria	Cyanobacteria	Vampirivibrionia	Obscuribacterales	Obscuribacteraceae	NA
ASV_216	Bacteria	Proteobacteria	Alphaproteobacteria	Sphingomonadales	Sphingomonadaceae	Sphingorhabdus
ASV_217	Bacteria	Proteobacteria	Gammaproteobacteria	Enterobacterales	Alteromonadaceae	Rheinheimera
ASV_218	Bacteria	Proteobacteria	Gammaproteobacteria	Enterobacterales	Aeromonadaceae	Aeromonas
ASV_219	Bacteria	Proteobacteria	Alphaproteobacteria	Rickettsiales	Mitochondria	NA
ASV_220	Bacteria	Proteobacteria	Alphaproteobacteria	Reyranellales	Reyranellaceae	Reyranella
ASV_221	Bacteria	Acidobacteriota	Blastocatellia	Pyrinomonadales	Pyrinomonadaceae	RB41
ASV_222	Bacteria	Bacteroidota	Bacteroidia	Flavobacteriales	Cryomorphaceae	Vicingus
ASV_223	Bacteria	Proteobacteria	Gammaproteobacteria	Xanthomonadales	Xanthomonadaceae	Xanthomonas
ASV_224	Bacteria	Proteobacteria	Gammaproteobacteria	Enterobacterales	Vibrionaceae	Vibrio
ASV_225	Bacteria	Bdellovibrionota	Bdellovibrionia	Bdellovibrionales	Bdellovibrionaceae	Bdellovibrio
ASV_226	Bacteria	Firmicutes	Bacilli	Staphylococcales	Staphylococcaceae	Staphylococcus
ASV_227	Bacteria	Proteobacteria	Gammaproteobacteria	Enterobacterales	Vibrionaceae	Vibrio
ASV_228	Bacteria	Acidobacteriota	Vicinamibacteria	Vicinamibacterales	Vicinamibacteraceae	NA
ASV_229	Bacteria	Proteobacteria	Alphaproteobacteria	Rhizobiales	Beijerinckiaceae	Bosea
ASV_230	Bacteria	Proteobacteria	Gammaproteobacteria	Enterobacterales	Vibrionaceae	Vibrio
ASV_231	Bacteria	Firmicutes	Clostridia	Lachnospirales	Lachnospiraceae	Oribacterium
ASV_232	Bacteria	Proteobacteria	Gammaproteobacteria	Burkholderiales	Rhodocyclaceae	Methyloversatilis
ASV_233	Bacteria	Cyanobacteria	Cyanobacteriia	Chloroplast	NA	NA
ASV_234	Bacteria	Bacteroidota	Bacteroidia	Cytophagales	Microscillaceae	NA
ASV_235	Bacteria	Proteobacteria	Gammaproteobacteria	Enterobacterales	MB19	NA
ASV_236	Bacteria	Proteobacteria	Gammaproteobacteria	Pseudomonadales	Pseudomonadaceae	Pseudomonas
ASV_237	Bacteria	Proteobacteria	Gammaproteobacteria	Burkholderiales	Hydrogenophilaceae	Tepidiphilus
ASV_238	Bacteria	Proteobacteria	Gammaproteobacteria	Enterobacterales	Aeromonadaceae	Aeromonas
ASV_239	Bacteria	Proteobacteria	Alphaproteobacteria	Caulobacterales	Hyphomonadaceae	SWB02
ASV_240	Bacteria	Bacteroidota	Bacteroidia	Cytophagales	Microscillaceae	NA
ASV_241	Bacteria	Proteobacteria	Gammaproteobacteria	Burkholderiales	Comamonadaceae	Pelomonas
ASV_242	Bacteria	Firmicutes	Bacilli	Staphylococcales	Staphylococcaceae	Staphylococcus
ASV_243	Bacteria	Proteobacteria	Gammaproteobacteria	Pseudomonadales	Moraxellaceae	Acinetobacter
ASV_244	Bacteria	Myxococcota	Polyangia	Haliangiales	Haliangiaceae	Haliangium
ASV_245	Bacteria	Proteobacteria	Alphaproteobacteria	Rickettsiales	Mitochondria	NA
ASV_246	Bacteria	Bacteroidota	Bacteroidia	Cytophagales	Hymenobacteraceae	Hymenobacter
ASV_247	Bacteria	Bdellovibrionota	Bdellovibrionia	Bdellovibrionales	Bdellovibrionaceae	Bdellovibrio
ASV_248	Bacteria	Proteobacteria	Gammaproteobacteria	NA	NA	NA
ASV_249	Bacteria	Actinobacteriota	Actinobacteria	Kineosporiales	Kineosporiaceae	Quadrisphaera
ASV_250	Bacteria	Proteobacteria	Gammaproteobacteria	NA	NA	NA
ASV_251	Bacteria	Proteobacteria	Gammaproteobacteria	Xanthomonadales	Xanthomonadaceae	Stenotrophomonas
ASV_252	Bacteria	Proteobacteria	Gammaproteobacteria	Burkholderiales	Comamonadaceae	Rubrivivax
ASV_253	Bacteria	Verrucomicrobiota	Verrucomicrobiae	Pedosphaerales	Pedosphaeraceae	NA
ASV_254	Bacteria	Bdellovibrionota	Oligoflexia	Silvanigrellales	Silvanigrellaceae	Silvanigrella
ASV_255	Bacteria	Proteobacteria	Alphaproteobacteria	Rickettsiales	SM2D12	NA
ASV_256	Bacteria	Proteobacteria	Alphaproteobacteria	Rickettsiales	Mitochondria	NA
ASV_257	Bacteria	Verrucomicrobiota	Omnitrophia	Omnitrophales	NA	NA
ASV_258	Bacteria	Bacteroidota	Bacteroidia	Flavobacteriales	Weeksellaceae	Chryseobacterium
ASV_259	Bacteria	Bacteroidota	Bacteroidia	Flavobacteriales	Crocinitomicaceae	Fluviicola
ASV_260	Bacteria	Proteobacteria	Gammaproteobacteria	Burkholderiales	Burkholderiaceae	Burkholderia-Caballeronia-Paraburkholderia
ASV_261	Bacteria	Proteobacteria	Alphaproteobacteria	Rhodobacterales	Rhodobacteraceae	Falsirhodobacter
ASV_262	Bacteria	Proteobacteria	Gammaproteobacteria	Pseudomonadales	Moraxellaceae	Acinetobacter
ASV_263	Bacteria	Proteobacteria	Gammaproteobacteria	Enterobacterales	Vibrionaceae	Vibrio
ASV_264	Bacteria	Bdellovibrionota	Bdellovibrionia	Bdellovibrionales	Bdellovibrionaceae	Bdellovibrio
ASV_265	Bacteria	Actinobacteriota	Actinobacteria	Corynebacteriales	Nocardiaceae	Nocardia
ASV_266	Bacteria	Proteobacteria	Alphaproteobacteria	Rickettsiales	Rickettsiaceae	Rickettsia
ASV_267	Bacteria	Bdellovibrionota	Oligoflexia	0319-6G20	NA	NA
ASV_268	Bacteria	Actinobacteriota	Actinobacteria	Corynebacteriales	Nocardiaceae	Gordonia
ASV_269	Bacteria	Proteobacteria	Alphaproteobacteria	Rickettsiales	Mitochondria	NA
ASV_270	Bacteria	Cyanobacteria	Vampirivibrionia	Vampirovibrionales	NA	NA
ASV_271	Bacteria	Bdellovibrionota	Bdellovibrionia	Bdellovibrionales	Bdellovibrionaceae	Bdellovibrio
ASV_272	Bacteria	Bdellovibrionota	Bdellovibrionia	Bacteriovoracales	Bacteriovoracaceae	Peredibacter
ASV_273	Bacteria	Proteobacteria	Gammaproteobacteria	Pseudomonadales	Moraxellaceae	Alkanindiges
ASV_274	Bacteria	Firmicutes	Bacilli	Lactobacillales	Streptococcaceae	Streptococcus
ASV_275	Bacteria	Planctomycetota	OM190	NA	NA	NA
ASV_276	Bacteria	Verrucomicrobiota	Verrucomicrobiae	Chthoniobacterales	Terrimicrobiaceae	FukuN18 freshwater group
ASV_277	Bacteria	Proteobacteria	Alphaproteobacteria	Caulobacterales	Hyphomonadaceae	SWB02
ASV_278	Bacteria	Verrucomicrobiota	Chlamydiae	Chlamydiales	Simkaniaceae	NA
ASV_279	Bacteria	Acidobacteriota	Blastocatellia	Blastocatellales	Blastocatellaceae	Blastocatella
ASV_280	Bacteria	Proteobacteria	Gammaproteobacteria	Enterobacterales	Vibrionaceae	Vibrio
ASV_281	Bacteria	Proteobacteria	Gammaproteobacteria	Burkholderiales	Comamonadaceae	Acidovorax
ASV_282	Bacteria	Bacteroidota	Bacteroidia	Cytophagales	Spirosomaceae	Runella
ASV_283	Bacteria	Proteobacteria	Alphaproteobacteria	Rhodobacterales	Rhodobacteraceae	Tabrizicola
ASV_284	Bacteria	Proteobacteria	Alphaproteobacteria	Rhizobiales	Hyphomicrobiaceae	Pedomicrobium
ASV_285	Bacteria	Verrucomicrobiota	Chlamydiae	Chlamydiales	Simkaniaceae	NA
ASV_286	Bacteria	Deinococcota	Deinococci	Deinococcales	Deinococcaceae	Deinococcus
ASV_287	Bacteria	Proteobacteria	Alphaproteobacteria	Rickettsiales	Mitochondria	NA
ASV_288	Bacteria	Proteobacteria	Alphaproteobacteria	Rickettsiales	Mitochondria	NA
ASV_289	Bacteria	Proteobacteria	Gammaproteobacteria	Burkholderiales	Comamonadaceae	NA
ASV_290	Bacteria	Dependentiae	Babeliae	Babeliales	Babeliaceae	NA
ASV_291	Bacteria	Proteobacteria	Gammaproteobacteria	Burkholderiales	Chromobacteriaceae	NA
ASV_292	Bacteria	Actinobacteriota	Actinobacteria	Corynebacteriales	Mycobacteriaceae	Mycobacterium
ASV_293	Bacteria	Proteobacteria	Alphaproteobacteria	Rickettsiales	Mitochondria	NA
ASV_294	Bacteria	Fusobacteriota	Fusobacteriia	Fusobacteriales	Fusobacteriaceae	Cetobacterium
ASV_295	Bacteria	Proteobacteria	Alphaproteobacteria	Rhizobiales	Rhizobiaceae	Ahrensia
ASV_296	Bacteria	Chloroflexi	Anaerolineae	Anaerolineales	Anaerolineaceae	NA
ASV_297	Bacteria	Proteobacteria	Gammaproteobacteria	Enterobacterales	Alteromonadaceae	Alteromonas
ASV_298	Bacteria	Bacteroidota	Bacteroidia	Sphingobacteriales	env.OPS 17	NA
ASV_299	Eukaryota	NA	NA	NA	NA	NA
ASV_300	Bacteria	Verrucomicrobiota	Verrucomicrobiae	Opitutales	Opitutaceae	Lacunisphaera
ASV_301	Bacteria	Proteobacteria	Alphaproteobacteria	Rickettsiales	Rickettsiaceae	Candidatus Megaira
ASV_302	Bacteria	Dependentiae	Babeliae	Babeliales	Vermiphilaceae	NA
ASV_303	Bacteria	Proteobacteria	Gammaproteobacteria	Burkholderiales	Comamonadaceae	Pelomonas
ASV_304	Bacteria	Proteobacteria	Alphaproteobacteria	Rickettsiales	Mitochondria	NA
ASV_305	Bacteria	Proteobacteria	Alphaproteobacteria	Rickettsiales	Mitochondria	NA
ASV_306	Bacteria	Planctomycetota	Planctomycetes	Planctomycetales	Schlesneriaceae	Planctopirus
ASV_307	Bacteria	Spirochaetota	Leptospirae	Leptospirales	Leptospiraceae	Turneriella
ASV_308	Bacteria	Bacteroidota	Bacteroidia	Chitinophagales	Chitinophagaceae	NA
ASV_309	Bacteria	Myxococcota	Myxococcia	Myxococcales	Myxococcaceae	NA
ASV_310	Bacteria	Proteobacteria	Gammaproteobacteria	Pseudomonadales	Halomonadaceae	Halomonas
ASV_311	Bacteria	Fusobacteriota	Fusobacteriia	Fusobacteriales	Fusobacteriaceae	Cetobacterium
ASV_312	Bacteria	Fusobacteriota	Fusobacteriia	Fusobacteriales	Fusobacteriaceae	NA
ASV_313	Bacteria	Fusobacteriota	Fusobacteriia	Fusobacteriales	Fusobacteriaceae	NA
ASV_314	Bacteria	NA	NA	NA	NA	NA
ASV_315	Bacteria	Proteobacteria	Alphaproteobacteria	Rickettsiales	Rickettsiaceae	NA
ASV_316	Bacteria	Planctomycetota	Planctomycetes	NA	NA	NA
ASV_317	Bacteria	Proteobacteria	Gammaproteobacteria	Burkholderiales	Comamonadaceae	NA
ASV_318	Bacteria	Proteobacteria	Alphaproteobacteria	Sphingomonadales	Sphingomonadaceae	Sphingopyxis
ASV_319	Bacteria	Proteobacteria	Alphaproteobacteria	Rhodobacterales	Rhodobacteraceae	Rhodobacter
ASV_320	Bacteria	Proteobacteria	Alphaproteobacteria	Rickettsiales	Mitochondria	NA
ASV_321	Bacteria	Firmicutes	Bacilli	Lactobacillales	Streptococcaceae	Streptococcus
ASV_322	Bacteria	Proteobacteria	Gammaproteobacteria	Pseudomonadales	Alcanivoracaceae1	Alcanivorax
ASV_323	Bacteria	Proteobacteria	Gammaproteobacteria	Burkholderiales	Comamonadaceae	NA
ASV_324	Bacteria	Proteobacteria	Gammaproteobacteria	Enterobacterales	JI49D030	NA
ASV_325	Bacteria	Proteobacteria	Gammaproteobacteria	Pseudomonadales	NA	NA
ASV_326	Bacteria	Proteobacteria	Gammaproteobacteria	Enterobacterales	Enterobacteriaceae	Enterobacter
ASV_327	Bacteria	Firmicutes	Bacilli	Erysipelotrichales	Erysipelotrichaceae	ZOR0006
ASV_328	Bacteria	Fusobacteriota	Fusobacteriia	Fusobacteriales	Fusobacteriaceae	Cetobacterium
ASV_329	Bacteria	Firmicutes	Clostridia	Lachnospirales	Lachnospiraceae	[Ruminococcus] gnavus group
ASV_330	Bacteria	Actinobacteriota	Thermoleophilia	Gaiellales	NA	NA
ASV_331	Bacteria	Fusobacteriota	Fusobacteriia	Fusobacteriales	Fusobacteriaceae	Cetobacterium
ASV_332	Bacteria	Proteobacteria	Alphaproteobacteria	Rickettsiales	Mitochondria	NA
ASV_333	Bacteria	Bacteroidota	Bacteroidia	Cytophagales	Cyclobacteriaceae	Roseivirga
ASV_334	Bacteria	Proteobacteria	Alphaproteobacteria	Caulobacterales	Caulobacteraceae	Brevundimonas
ASV_335	Bacteria	Proteobacteria	Alphaproteobacteria	Rickettsiales	Mitochondria	NA
ASV_336	Bacteria	Proteobacteria	Alphaproteobacteria	Rhizobiales	Hyphomicrobiaceae	Hyphomicrobium
ASV_337	Bacteria	Proteobacteria	Alphaproteobacteria	Reyranellales	Reyranellaceae	NA
ASV_338	Bacteria	Proteobacteria	Gammaproteobacteria	Pseudomonadales	Halieaceae	OM60(NOR5) clade
ASV_339	Bacteria	Proteobacteria	Gammaproteobacteria	Pseudomonadales	KI89A clade	NA
ASV_340	Bacteria	Actinobacteriota	Actinobacteria	Corynebacteriales	Dietziaceae	Dietzia
ASV_341	Bacteria	Proteobacteria	Gammaproteobacteria	Burkholderiales	Chitinibacteraceae	Chitinilyticum
ASV_342	Bacteria	Proteobacteria	Gammaproteobacteria	Burkholderiales	Chitinibacteraceae	Chitinilyticum
ASV_343	Bacteria	NA	NA	NA	NA	NA
ASV_344	Bacteria	Armatimonadota	Fimbriimonadia	Fimbriimonadales	Fimbriimonadaceae	NA
ASV_345	Bacteria	Bacteroidota	Bacteroidia	Cytophagales	NA	NA
ASV_346	Bacteria	Proteobacteria	Alphaproteobacteria	Rickettsiales	SM2D12	NA
ASV_347	Bacteria	Bacteroidota	Bacteroidia	Flavobacteriales	Flavobacteriaceae	Tenacibaculum
ASV_348	Bacteria	Bdellovibrionota	Oligoflexia	0319-6G20	NA	NA
ASV_349	Bacteria	Bacteroidota	Bacteroidia	Cytophagales	Cytophagaceae	Cytophaga
ASV_350	Bacteria	Bacteroidota	Bacteroidia	Flavobacteriales	Flavobacteriaceae	Flavobacterium
ASV_351	Bacteria	NA	NA	NA	NA	NA
ASV_352	Bacteria	Proteobacteria	Alphaproteobacteria	NA	NA	NA
ASV_353	Bacteria	Proteobacteria	Alphaproteobacteria	Rhizobiales	Rhizobiaceae	Nitratireductor
ASV_354	Bacteria	Bacteroidota	Bacteroidia	Chitinophagales	Saprospiraceae	NA
ASV_355	Bacteria	Proteobacteria	Alphaproteobacteria	Holosporales	Holosporaceae	NA
ASV_356	Bacteria	Proteobacteria	Alphaproteobacteria	Rickettsiales	Mitochondria	NA
ASV_357	Bacteria	Dependentiae	Babeliae	Babeliales	Babeliaceae	NA
ASV_358	Bacteria	Proteobacteria	Gammaproteobacteria	Coxiellales	Coxiellaceae	Coxiella
ASV_359	Bacteria	Firmicutes	Bacilli	Bacillales	Planococcaceae	NA
ASV_360	Bacteria	Fusobacteriota	Fusobacteriia	Fusobacteriales	Fusobacteriaceae	Cetobacterium
ASV_361	Bacteria	Proteobacteria	Alphaproteobacteria	Sphingomonadales	Sphingomonadaceae	Sphingomonas
ASV_362	Bacteria	NA	NA	NA	NA	NA
ASV_363	Bacteria	Proteobacteria	Gammaproteobacteria	Enterobacterales	Enterobacteriaceae	Enterobacter
ASV_364	Bacteria	Bacteroidota	Bacteroidia	Bacteroidales	Barnesiellaceae	NA
ASV_365	Bacteria	Proteobacteria	Gammaproteobacteria	Burkholderiales	NA	NA
ASV_366	Bacteria	Proteobacteria	Gammaproteobacteria	Enterobacterales	JI49D030	NA
ASV_367	Bacteria	Firmicutes	Bacilli	Haloplasmatales	Haloplasmataceae	Haloplasma
ASV_368	Bacteria	Patescibacteria	Saccharimonadia	Saccharimonadales	NA	NA
ASV_369	Bacteria	Planctomycetota	Planctomycetes	Gemmatales	Gemmataceae	NA
ASV_370	Bacteria	Proteobacteria	Alphaproteobacteria	Rickettsiales	SM2D12	NA
ASV_371	Bacteria	Proteobacteria	Gammaproteobacteria	Xanthomonadales	Xanthomonadaceae	Lysobacter
ASV_372	Bacteria	Firmicutes	Bacilli	Paenibacillales	Paenibacillaceae	Paenibacillus
ASV_373	Bacteria	Firmicutes	Bacilli	Exiguobacterales	Exiguobacteraceae	Exiguobacterium
ASV_374	Bacteria	Proteobacteria	Alphaproteobacteria	Rhodobacterales	Rhodobacteraceae	Paracoccus
ASV_375	Bacteria	Proteobacteria	Alphaproteobacteria	Sphingomonadales	Sphingomonadaceae	NA
ASV_376	Bacteria	Proteobacteria	Alphaproteobacteria	Sphingomonadales	Sphingomonadaceae	Sphingobium
ASV_377	Bacteria	Proteobacteria	Gammaproteobacteria	Enterobacterales	JI49D030	NA
ASV_378	Bacteria	Proteobacteria	Gammaproteobacteria	Enterobacterales	JI49D030	NA
ASV_379	Bacteria	Proteobacteria	Alphaproteobacteria	Rickettsiales	Mitochondria	NA
ASV_380	Bacteria	Proteobacteria	Alphaproteobacteria	Rhodobacterales	Rhodobacteraceae	NA
